feature,component
overall_instructions,-0.0
overall_cycles,0.5776077552952081
overall_IPC,-0.576811209116512
overall_seconds,0.5776077590018591
overall_branches,0.005233240031622488
