feature,component
overall_instructions,0.0
overall_cycles,-0.004116813898331143
overall_IPC,0.0008263990169796918
overall_seconds,-0.00411796697186058
overall_branches,0.9999827054784545
